financebench_id,company,doc_name,question_type,question_reasoning,domain_question_num,question,answer,justification,dataset_subset_label,evidence,gics_sector,doc_type,doc_period,doc_link,answer_type,empty_answer,num_evidence,question_len,answer_len
financebench_id_04103,General Mills,GENERALMILLS_2019_10K,metrics-generated,Numerical reasoning,,What is the FY2019 cash conversion cycle (CCC) for General Mills? CCC is defined as: DIO + DSO - DPO. DIO is defined as: 365 * (average inventory between FY2018 and FY2019) / (FY2019 COGS). DSO is defined as: 365 * (average accounts receivable between FY2018 and FY2019) / (FY2019 Revenue). DPO is defined as: 365 * (average accounts payable between FY2018 and FY2019) / (FY2019 COGS + change in inventory between FY2018 and FY2019). Round your answer to two decimal places. Address the question by using the line items and information shown within the income statement and the balance sheet.,-3.7,"The metric in question was calculated using other simpler metrics. The various simpler metrics (from the current and, if relevant, previous fiscal year(s)) used were:

Metric 1: Accounts payable. This metric was located in the 10K as a single line item named: Accounts payable.

Metric 2: Accounts receivable, net. This metric was located in the 10K as a single line item named: Receivables.

Metric 3: Cost of goods sold. This metric was located in the 10K as a single line item named: Cost of sales.

Metric 4: Total revenue. This metric was located in the 10K as a single line item named: Net sales.

Metric 5: Inventories. This metric was located in the 10K as a single line item named: Inventories.",OPEN_SOURCE,"[{'evidence_text': 'Table of Contents\nConsolidated Statements of Earnings\nGENERAL MILLS, INC. AND SUBSIDIARIES\n(In Millions, Except per Share Data)\n \n \n \nFiscal Year\n \n \n \n2019\n \n2018\n \n2017\n \nNet sales\n \n $ 16,865.2 \n $ 15,740.4 \n $ 15,619.8 \nCost of sales\n \n \n11,108.4 \n \n10,304.8 \n \n10,052.0 \nSelling, general, and administrative expenses\n \n \n2,935.8 \n \n2,850.1 \n \n2,888.8 \nDivestitures loss\n \n \n30.0 \n \n- \n \n6.5 \nRestructuring, impairment, and other exit costs\n \n \n275.1 \n \n165.6 \n \n180.4 \n \n \n \n \n \n \n \n \n \n \n \n \nOperating profit\n \n \n2,515.9 \n \n2,419.9 \n \n2,492.1 \nBenefit plan non-service income\n \n \n(87.9) \n \n(89.4) \n \n(74.3) \nInterest, net\n \n \n521.8 \n \n373.7 \n \n295.1 \n \n \n \n \n \n \n \n \n \n \n \n \nEarnings before income taxes and after-tax earnings from joint ventures\n \n \n2,082.0 \n \n2,135.6 \n \n2,271.3 \nIncome taxes\n \n \n367.8 \n \n57.3 \n \n655.2 \nAfter-tax earnings from joint ventures\n \n \n72.0 \n \n84.7 \n \n85.0 \n \n \n \n \n \n \n \n \n \n \n \n \nNet earnings, including earnings attributable to redeemable and noncontrolling\ninterests\n \n \n1,786.2 \n \n2,163.0 \n \n1,701.1 \nNet earnings attributable to redeemable and noncontrolling interests\n \n \n33.5 \n \n32.0 \n \n43.6 \n \n \n \n \n \n \n \n \n \n \n \n \nNet earnings attributable to General Mills\n \n $\n1,752.7 \n $\n2,131.0 \n $\n1,657.5 \n \n \n \n \n \n \n \n \n \n \n \n \nEarnings per share - basic\n \n $\n2.92 \n $\n3.69 \n $\n2.82 \n \n \n \n \n \n \n \n \n \n \n \n \nEarnings per share - diluted\n \n $\n2.90 \n $\n3.64 \n $\n2.77 \n \n \n \n \n \n \n \n \n \n \n \n \nDividends per share\n \n $\n1.96 \n $\n1.96 \n $\n1.92 \n \n \n \n \n \n \n \n \n \n \n \n \nSee accompanying notes to consolidated financial statements.\n \n53', 'doc_name': 'GENERALMILLS_2019_10K', 'evidence_page_num': 52, 'evidence_text_full_page': 'Table of Contents\nConsolidated Statements of Earnings\nGENERAL MILLS, INC. AND SUBSIDIARIES\n(In Millions, Except per Share Data)\n \n \n \nFiscal Year\n \n \n \n2019\n \n2018\n \n2017\n \nNet sales\n \n $ 16,865.2 \n $ 15,740.4 \n $ 15,619.8 \nCost of sales\n \n \n11,108.4 \n \n10,304.8 \n \n10,052.0 \nSelling, general, and administrative expenses\n \n \n2,935.8 \n \n2,850.1 \n \n2,888.8 \nDivestitures loss\n \n \n30.0 \n \n- \n \n6.5 \nRestructuring, impairment, and other exit costs\n \n \n275.1 \n \n165.6 \n \n180.4 \n \n \n \n \n \n \n \n \n \n \n \n \nOperating profit\n \n \n2,515.9 \n \n2,419.9 \n \n2,492.1 \nBenefit plan non-service income\n \n \n(87.9) \n \n(89.4) \n \n(74.3) \nInterest, net\n \n \n521.8 \n \n373.7 \n \n295.1 \n \n \n \n \n \n \n \n \n \n \n \n \nEarnings before income taxes and after-tax earnings from joint ventures\n \n \n2,082.0 \n \n2,135.6 \n \n2,271.3 \nIncome taxes\n \n \n367.8 \n \n57.3 \n \n655.2 \nAfter-tax earnings from joint ventures\n \n \n72.0 \n \n84.7 \n \n85.0 \n \n \n \n \n \n \n \n \n \n \n \n \nNet earnings, including earnings attributable to redeemable and noncontrolling\ninterests\n \n \n1,786.2 \n \n2,163.0 \n \n1,701.1 \nNet earnings attributable to redeemable and noncontrolling interests\n \n \n33.5 \n \n32.0 \n \n43.6 \n \n \n \n \n \n \n \n \n \n \n \n \nNet earnings attributable to General Mills\n \n $\n1,752.7 \n $\n2,131.0 \n $\n1,657.5 \n \n \n \n \n \n \n \n \n \n \n \n \nEarnings per share - basic\n \n $\n2.92 \n $\n3.69 \n $\n2.82 \n \n \n \n \n \n \n \n \n \n \n \n \nEarnings per share - diluted\n \n $\n2.90 \n $\n3.64 \n $\n2.77 \n \n \n \n \n \n \n \n \n \n \n \n \nDividends per share\n \n $\n1.96 \n $\n1.96 \n $\n1.92 \n \n \n \n \n \n \n \n \n \n \n \n \nSee accompanying notes to consolidated financial statements.\n \n53\n'}
 {'evidence_text': 'Table of Contents\nConsolidated Balance Sheets\nGENERAL MILLS, INC. AND SUBSIDIARIES\n(In Millions, Except Par Value)\n \n \n \nMay 26, \n 2019 \nMay 27, \n 2018 \n \nASSETS\n \n \nCurrent assets:\n \n \nCash and cash equivalents\n \n$\n450.0 \n$\n399.0 \nReceivables\n \n \n1,679.7 \n \n1,684.2 \nInventories\n \n \n1,559.3 \n \n1,642.2 \nPrepaid expenses and other current assets\n \n \n497.5 \n \n398.3 \n \n \n \n \n \n \n \n \nTotal current assets\n \n \n4,186.5 \n \n4,123.7 \nLand, buildings, and equipment\n \n \n3,787.2 \n \n4,047.2 \nGoodwill\n \n \n13,995.8 \n \n14,065.0 \nOther intangible assets\n \n \n7,166.8 \n \n7,445.1 \nOther assets\n \n \n974.9 \n \n943.0 \n \n \n \n \n \n \n \n \nTotal assets\n \n$\n 30,111.2 \n$\n 30,624.0 \n \n \n \n \n \n \n \n \nLIABILITIES AND EQUITY\n \n \nCurrent liabilities:\n \n \nAccounts payable\n \n$\n2,854.1 \n$\n2,746.2 \nCurrent portion of long-term debt\n \n \n1,396.5 \n \n1,600.1 \nNotes payable\n \n \n1,468.7 \n \n1,549.8 \nOther current liabilities\n \n \n1,367.8 \n \n1,445.8 \n \n \n \n \n \n \n \n \nTotal current liabilities\n \n \n7,087.1 \n \n7,341.9 \nLong-term debt\n \n \n11,624.8 \n \n12,668.7 \nDeferred income taxes\n \n \n2,031.0 \n \n2,003.8 \nOther liabilities\n \n \n1,448.9 \n \n1,341.0 \n \n \n \n \n \n \n \n \nTotal liabilities\n \n \n22,191.8 \n \n23,355.4 \n \n \n \n \n \n \n \n \nRedeemable interest\n \n \n551.7 \n \n776.2 \nStockholders equity:\n \n \nCommon stock, 754.6 shares issued, $0.10 par value\n \n \n75.5 \n \n75.5 \nAdditional paid-in capital\n \n \n1,386.7 \n \n1,202.5 \nRetained earnings\n \n \n14,996.7 \n \n14,459.6 \nCommon stock in treasury, at cost, shares of 152.7 and 161.5\n \n \n(6,779.0) \n \n(7,167.5) \nAccumulated other comprehensive loss\n \n \n(2,625.4) \n \n(2,429.0) \n \n \n \n \n \n \n \n \nTotal stockholders equity\n \n \n7,054.5 \n \n6,141.1 \nNoncontrolling interests\n \n \n313.2 \n \n351.3 \n \n \n \n \n \n \n \n \nTotal equity\n \n \n7,367.7 \n \n6,492.4 \n \n \n \n \n \n \n \n \nTotal liabilities and equity\n \n$\n 30,111.2 \n$\n 30,624.0 \n \n \n \n \n \n \n \n \nSee accompanying notes to consolidated financial statements.\n \n55', 'doc_name': 'GENERALMILLS_2019_10K', 'evidence_page_num': 54, 'evidence_text_full_page': 'Table of Contents\nConsolidated Balance Sheets\nGENERAL MILLS, INC. AND SUBSIDIARIES\n(In Millions, Except Par Value)\n \n \n \nMay 26, \n 2019 \nMay 27, \n 2018 \n \nASSETS\n \n \nCurrent assets:\n \n \nCash and cash equivalents\n \n$\n450.0 \n$\n399.0 \nReceivables\n \n \n1,679.7 \n \n1,684.2 \nInventories\n \n \n1,559.3 \n \n1,642.2 \nPrepaid expenses and other current assets\n \n \n497.5 \n \n398.3 \n \n \n \n \n \n \n \n \nTotal current assets\n \n \n4,186.5 \n \n4,123.7 \nLand, buildings, and equipment\n \n \n3,787.2 \n \n4,047.2 \nGoodwill\n \n \n13,995.8 \n \n14,065.0 \nOther intangible assets\n \n \n7,166.8 \n \n7,445.1 \nOther assets\n \n \n974.9 \n \n943.0 \n \n \n \n \n \n \n \n \nTotal assets\n \n$\n 30,111.2 \n$\n 30,624.0 \n \n \n \n \n \n \n \n \nLIABILITIES AND EQUITY\n \n \nCurrent liabilities:\n \n \nAccounts payable\n \n$\n2,854.1 \n$\n2,746.2 \nCurrent portion of long-term debt\n \n \n1,396.5 \n \n1,600.1 \nNotes payable\n \n \n1,468.7 \n \n1,549.8 \nOther current liabilities\n \n \n1,367.8 \n \n1,445.8 \n \n \n \n \n \n \n \n \nTotal current liabilities\n \n \n7,087.1 \n \n7,341.9 \nLong-term debt\n \n \n11,624.8 \n \n12,668.7 \nDeferred income taxes\n \n \n2,031.0 \n \n2,003.8 \nOther liabilities\n \n \n1,448.9 \n \n1,341.0 \n \n \n \n \n \n \n \n \nTotal liabilities\n \n \n22,191.8 \n \n23,355.4 \n \n \n \n \n \n \n \n \nRedeemable interest\n \n \n551.7 \n \n776.2 \nStockholders equity:\n \n \nCommon stock, 754.6 shares issued, $0.10 par value\n \n \n75.5 \n \n75.5 \nAdditional paid-in capital\n \n \n1,386.7 \n \n1,202.5 \nRetained earnings\n \n \n14,996.7 \n \n14,459.6 \nCommon stock in treasury, at cost, shares of 152.7 and 161.5\n \n \n(6,779.0) \n \n(7,167.5) \nAccumulated other comprehensive loss\n \n \n(2,625.4) \n \n(2,429.0) \n \n \n \n \n \n \n \n \nTotal stockholders equity\n \n \n7,054.5 \n \n6,141.1 \nNoncontrolling interests\n \n \n313.2 \n \n351.3 \n \n \n \n \n \n \n \n \nTotal equity\n \n \n7,367.7 \n \n6,492.4 \n \n \n \n \n \n \n \n \nTotal liabilities and equity\n \n$\n 30,111.2 \n$\n 30,624.0 \n \n \n \n \n \n \n \n \nSee accompanying notes to consolidated financial statements.\n \n55\n'}]",Consumer Staples,10k,2019,https://d18rn0p25nwr6d.cloudfront.net/CIK-0000040704/0fd13703-8eed-4b60-b46c-b2b3199887dc.pdf,numeric/mixed,False,0,592,4
financebench_id_04412,Lockheed Martin,LOCKHEEDMARTIN_2020_10K,metrics-generated,Numerical reasoning,,"We need to calculate a reasonable approximation (or exact number if possible) of a financial metric. Basing your judgment by information plainly provided in the balance sheet and the P&L statement, what is Lockheed Martin's FY2020 asset turnover ratio? Asset turnover ratio is defined as: FY2020 revenue / (average total assets between FY2019 and FY2020). Round your answer to two decimal places.",1.33,"The metric in question was calculated using other simpler metrics. The various simpler metrics (from the current and, if relevant, previous fiscal year(s)) used were:

Metric 1: Total revenue. This metric was located in the 10K as a single line item named: Total net sales.

Metric 2: Total assets. This metric was located in the 10K as a single line item named: Total assets.",OPEN_SOURCE,"[{'evidence_text': 'Table of Contents\nLockheed Martin Corporation\nConsolidated Statements of Earnings\n(in millions, except per share data)\n \n \nYears Ended December 31,\n2020\n2019\n2018\nNet sales\nProducts\n$\n54,928 \n$\n50,053 \n$\n45,005 \nServices\n10,470 \n9,759 \n8,757 \nTotal net sales\n65,398 \n59,812 \n53,762 \nCost of sales\nProducts\n(48,996)\n(44,589)\n(40,293)\nServices\n(9,371)\n(8,731)\n(7,738)\nSeverance charges\n(27)\n \n(96)\nOther unallocated, net\n1,650 \n1,875 \n1,639 \nTotal cost of sales\n(56,744)\n(51,445)\n(46,488)\nGross profit\n8,654 \n8,367 \n7,274 \nOther (expense) income, net\n(10)\n178 \n60 \nOperating profit\n8,644 \n8,545 \n7,334 \nInterest expense\n(591)\n(653)\n(668)\nOther non-operating income (expense), net\n182 \n(651)\n(828)\nEarnings from continuing operations before income taxes\n8,235 \n7,241 \n5,838 \nIncome tax expense\n(1,347)\n(1,011)\n(792)\nNet earnings from continuing operations\n6,888 \n6,230 \n5,046 \nNet loss from discontinued operations\n(55)\n \n \nNet earnings\n$\n6,833 \n$\n6,230 \n$\n5,046 \n \nEarnings (loss) per common share\nBasic\nContinuing operations\n$\n24.60 \n$\n22.09 \n$\n17.74 \nDiscontinued operations\n(0.20)\n \n \nBasic earnings per common share\n$\n24.40 \n$\n22.09 \n$\n17.74 \nDiluted\nContinuing operations\n$\n24.50 \n$\n21.95 \n$\n17.59 \nDiscontinued operations\n(0.20)\n \n \nDiluted earnings per common share\n$\n24.30 \n$\n21.95 \n$\n17.59 \nThe accompanying notes are an integral part of these consolidated financial statements.\n67', 'doc_name': 'LOCKHEEDMARTIN_2020_10K', 'evidence_page_num': 66, 'evidence_text_full_page': 'Table of Contents\nLockheed Martin Corporation\nConsolidated Statements of Earnings\n(in millions, except per share data)\n \n \nYears Ended December 31,\n2020\n2019\n2018\nNet sales\nProducts\n$\n54,928 \n$\n50,053 \n$\n45,005 \nServices\n10,470 \n9,759 \n8,757 \nTotal net sales\n65,398 \n59,812 \n53,762 \nCost of sales\nProducts\n(48,996)\n(44,589)\n(40,293)\nServices\n(9,371)\n(8,731)\n(7,738)\nSeverance charges\n(27)\n \n(96)\nOther unallocated, net\n1,650 \n1,875 \n1,639 \nTotal cost of sales\n(56,744)\n(51,445)\n(46,488)\nGross profit\n8,654 \n8,367 \n7,274 \nOther (expense) income, net\n(10)\n178 \n60 \nOperating profit\n8,644 \n8,545 \n7,334 \nInterest expense\n(591)\n(653)\n(668)\nOther non-operating income (expense), net\n182 \n(651)\n(828)\nEarnings from continuing operations before income taxes\n8,235 \n7,241 \n5,838 \nIncome tax expense\n(1,347)\n(1,011)\n(792)\nNet earnings from continuing operations\n6,888 \n6,230 \n5,046 \nNet loss from discontinued operations\n(55)\n \n \nNet earnings\n$\n6,833 \n$\n6,230 \n$\n5,046 \n \nEarnings (loss) per common share\nBasic\nContinuing operations\n$\n24.60 \n$\n22.09 \n$\n17.74 \nDiscontinued operations\n(0.20)\n \n \nBasic earnings per common share\n$\n24.40 \n$\n22.09 \n$\n17.74 \nDiluted\nContinuing operations\n$\n24.50 \n$\n21.95 \n$\n17.59 \nDiscontinued operations\n(0.20)\n \n \nDiluted earnings per common share\n$\n24.30 \n$\n21.95 \n$\n17.59 \nThe accompanying notes are an integral part of these consolidated financial statements.\n67\n'}
 {'evidence_text': 'Table of Contents\nLockheed Martin Corporation\nConsolidated Balance Sheets\n(in millions, except par value)\n \n \nDecember 31,\n2020\n2019\nAssets\nCurrent assets\nCash and cash equivalents\n$\n3,160 \n$\n1,514 \nReceivables, net\n1,978 \n2,337 \nContract assets\n9,545 \n9,094 \nInventories\n3,545 \n3,619 \nOther current assets\n1,150 \n531 \nTotal current assets\n19,378 \n17,095 \nProperty, plant and equipment, net\n7,213 \n6,591 \nGoodwill\n10,806 \n10,604 \nIntangible assets, net\n3,012 \n3,213 \nDeferred income taxes\n3,475 \n3,319 \nOther noncurrent assets\n6,826 \n6,706 \nTotal assets\n$\n50,710 \n$\n47,528 \nLiabilities and equity\nCurrent liabilities\nAccounts payable\n$\n880 \n$\n1,281 \nContract liabilities\n7,545 \n7,054 \nSalaries, benefits and payroll taxes\n3,163 \n2,466 \nCurrent maturities of long-term debt\n500 \n1,250 \nOther current liabilities\n1,845 \n1,921 \nTotal current liabilities\n13,933 \n13,972 \nLong-term debt, net\n11,669 \n11,404 \nAccrued pension liabilities\n12,874 \n13,234 \nOther noncurrent liabilities\n6,196 \n5,747 \nTotal liabilities\n44,672 \n44,357 \nStockholders equity\nCommon stock, $1 par value per share\n279 \n280 \nAdditional paid-in capital\n221 \n \nRetained earnings\n21,636 \n18,401 \nAccumulated other comprehensive loss\n(16,121)\n(15,554)\nTotal stockholders equity\n6,015 \n3,127 \nNoncontrolling interests in subsidiary\n23 \n44 \nTotal equity\n6,038 \n3,171 \nTotal liabilities and equity\n$\n50,710 \n$\n47,528 \nThe accompanying notes are an integral part of these consolidated financial statements.\n69', 'doc_name': 'LOCKHEEDMARTIN_2020_10K', 'evidence_page_num': 68, 'evidence_text_full_page': 'Table of Contents\nLockheed Martin Corporation\nConsolidated Balance Sheets\n(in millions, except par value)\n \n \nDecember 31,\n2020\n2019\nAssets\nCurrent assets\nCash and cash equivalents\n$\n3,160 \n$\n1,514 \nReceivables, net\n1,978 \n2,337 \nContract assets\n9,545 \n9,094 \nInventories\n3,545 \n3,619 \nOther current assets\n1,150 \n531 \nTotal current assets\n19,378 \n17,095 \nProperty, plant and equipment, net\n7,213 \n6,591 \nGoodwill\n10,806 \n10,604 \nIntangible assets, net\n3,012 \n3,213 \nDeferred income taxes\n3,475 \n3,319 \nOther noncurrent assets\n6,826 \n6,706 \nTotal assets\n$\n50,710 \n$\n47,528 \nLiabilities and equity\nCurrent liabilities\nAccounts payable\n$\n880 \n$\n1,281 \nContract liabilities\n7,545 \n7,054 \nSalaries, benefits and payroll taxes\n3,163 \n2,466 \nCurrent maturities of long-term debt\n500 \n1,250 \nOther current liabilities\n1,845 \n1,921 \nTotal current liabilities\n13,933 \n13,972 \nLong-term debt, net\n11,669 \n11,404 \nAccrued pension liabilities\n12,874 \n13,234 \nOther noncurrent liabilities\n6,196 \n5,747 \nTotal liabilities\n44,672 \n44,357 \nStockholders equity\nCommon stock, $1 par value per share\n279 \n280 \nAdditional paid-in capital\n221 \n \nRetained earnings\n21,636 \n18,401 \nAccumulated other comprehensive loss\n(16,121)\n(15,554)\nTotal stockholders equity\n6,015 \n3,127 \nNoncontrolling interests in subsidiary\n23 \n44 \nTotal equity\n6,038 \n3,171 \nTotal liabilities and equity\n$\n50,710 \n$\n47,528 \nThe accompanying notes are an integral part of these consolidated financial statements.\n69\n'}]",Industrials,10k,2020,https://investors.lockheedmartin.com/static-files/51bf9a09-5811-4f36-a5e4-fccaf8bfffea,numeric/mixed,False,0,396,4
financebench_id_06741,Walmart,WALMART_2020_10K,metrics-generated,Numerical reasoning,,What is the FY2018 - FY2020 3 year average unadjusted EBITDA % margin for Walmart? Define unadjusted EBITDA as unadjusted operating income + depreciation and amortization from the cash flow statement. Answer in units of percents and round to one decimal place. Calculate what was asked by utilizing the line items clearly shown in the P&L statement and the cash flow statement.,6.2%,"The metric in question was calculated using other simpler metrics. The various simpler metrics (from the current and, if relevant, previous fiscal year(s)) used were:

Metric 1: Depreciation and amortization. This metric was located in the 10K as a single line item named: Depreciation and amortization.

Metric 2: Unadjusted operating income. This metric was located in the 10K as a single line item named: Operating income.

Metric 3: Total revenue. This metric was located in the 10K as a single line item named: Total revenues.",OPEN_SOURCE,"[{'evidence_text': 'Walmart Inc.\nConsolidated Statements of Income\n \n \nFiscal Years Ended January 31,\n(Amounts in millions, except per share data)\n \n2020\n \n2019\n \n2018\nRevenues:\n \n \n \nNet sales\n $\n519,926\n $\n510,329 $\n495,761\nMembership and other income\n \n4,038\n \n4,076 \n4,582\nTotal revenues\n \n523,964\n \n514,405 \n500,343\nCosts and expenses:\n \n \n \nCost of sales\n \n394,605\n \n385,301 \n373,396\nOperating, selling, general and administrative expenses\n \n108,791\n \n107,147 \n106,510\nOperating income\n \n20,568\n \n21,957 \n20,437\nInterest:\n \n \n \nDebt\n \n2,262\n \n1,975 \n1,978\nFinance, capital lease and financing obligations\n \n337\n \n371 \n352\nInterest income\n \n(189) \n(217) \n(152)\nInterest, net\n \n2,410\n \n2,129 \n2,178\nLoss on extinguishment of debt\n \n\n \n \n3,136\nOther (gains) and losses\n \n(1,958) \n8,368 \n\nIncome before income taxes\n \n20,116\n \n11,460 \n15,123\nProvision for income taxes\n \n4,915\n \n4,281 \n4,600\nConsolidated net income\n \n15,201\n \n7,179 \n10,523\nConsolidated net income attributable to noncontrolling interest\n \n(320) \n(509) \n(661)\nConsolidated net income attributable to Walmart\n $\n14,881\n $\n6,670 $\n9,862\n \n \n \n \nNet income per common share:\n \n \n \nBasic net income per common share attributable to Walmart\n $\n5.22\n $\n2.28 $\n3.29\nDiluted net income per common share attributable to Walmart\n \n5.19\n \n2.26 \n3.28\n \n \n \n \nWeighted-average common shares outstanding:\n \n \n \nBasic\n \n2,850\n \n2,929 \n2,995\nDiluted\n \n2,868\n \n2,945 \n3,010\n \n \n \n \nDividends declared per common share\n $\n2.12\n $\n2.08 $\n2.04\nSee accompanying notes.\n50', 'doc_name': 'WALMART_2020_10K', 'evidence_page_num': 50, 'evidence_text_full_page': 'Walmart Inc.\nConsolidated Statements of Income\n \n \nFiscal Years Ended January 31,\n(Amounts in millions, except per share data)\n \n2020\n \n2019\n \n2018\nRevenues:\n \n \n \nNet sales\n $\n519,926\n $\n510,329 $\n495,761\nMembership and other income\n \n4,038\n \n4,076 \n4,582\nTotal revenues\n \n523,964\n \n514,405 \n500,343\nCosts and expenses:\n \n \n \nCost of sales\n \n394,605\n \n385,301 \n373,396\nOperating, selling, general and administrative expenses\n \n108,791\n \n107,147 \n106,510\nOperating income\n \n20,568\n \n21,957 \n20,437\nInterest:\n \n \n \nDebt\n \n2,262\n \n1,975 \n1,978\nFinance, capital lease and financing obligations\n \n337\n \n371 \n352\nInterest income\n \n(189) \n(217) \n(152)\nInterest, net\n \n2,410\n \n2,129 \n2,178\nLoss on extinguishment of debt\n \n\n \n \n3,136\nOther (gains) and losses\n \n(1,958) \n8,368 \n\nIncome before income taxes\n \n20,116\n \n11,460 \n15,123\nProvision for income taxes\n \n4,915\n \n4,281 \n4,600\nConsolidated net income\n \n15,201\n \n7,179 \n10,523\nConsolidated net income attributable to noncontrolling interest\n \n(320) \n(509) \n(661)\nConsolidated net income attributable to Walmart\n $\n14,881\n $\n6,670 $\n9,862\n \n \n \n \nNet income per common share:\n \n \n \nBasic net income per common share attributable to Walmart\n $\n5.22\n $\n2.28 $\n3.29\nDiluted net income per common share attributable to Walmart\n \n5.19\n \n2.26 \n3.28\n \n \n \n \nWeighted-average common shares outstanding:\n \n \n \nBasic\n \n2,850\n \n2,929 \n2,995\nDiluted\n \n2,868\n \n2,945 \n3,010\n \n \n \n \nDividends declared per common share\n $\n2.12\n $\n2.08 $\n2.04\nSee accompanying notes.\n50\n'}
 {'evidence_text': 'Walmart Inc.\nConsolidated Statements of Cash Flows\n \n \nFiscal Years Ended January 31,\n(Amounts in millions)\n \n2020\n \n2019\n \n2018\nCash flows from operating activities:\n \n \n \nConsolidated net income\n $\n15,201\n $\n7,179 $\n10,523\nAdjustments to reconcile consolidated net income to net cash provided by operating activities:\n \n \n \nDepreciation and amortization\n \n10,987\n \n10,678 \n10,529\nUnrealized (gains) and losses\n \n(1,886) \n3,516 \n\n(Gains) and losses for disposal of business operations\n \n15\n \n4,850 \n\nAsda pension contribution\n \n(1,036) \n \n\nDeferred income taxes\n \n320\n \n(499) \n(304)\nLoss on extinguishment of debt\n \n\n \n \n3,136\nOther operating activities\n \n1,981\n \n1,734 \n1,210\nChanges in certain assets and liabilities, net of effects of acquisitions:\n \n \n \nReceivables, net\n \n154\n \n(368) \n(1,074)\nInventories\n \n(300) \n(1,311) \n(140)\nAccounts payable\n \n(274) \n1,831 \n4,086\nAccrued liabilities\n \n186\n \n183 \n928\nAccrued income taxes\n \n(93) \n(40) \n(557)\nNet cash provided by operating activities\n \n25,255\n \n27,753 \n28,337\n \n \n \n \nCash flows from investing activities:\n \n \n \nPayments for property and equipment\n \n(10,705) \n(10,344) \n(10,051)\nProceeds from the disposal of property and equipment\n \n321\n \n519 \n378\nProceeds from the disposal of certain operations\n \n833\n \n876 \n1,046\nPayments for business acquisitions, net of cash acquired\n \n(56) \n(14,656) \n(375)\nOther investing activities\n \n479\n \n(431) \n(77)\nNet cash used in investing activities\n \n(9,128) \n(24,036) \n(9,079)\n \n \n \n \nCash flows from financing activities:\n \n \n \nNet change in short-term borrowings\n \n(4,656) \n(53) \n4,148\nProceeds from issuance of long-term debt\n \n5,492\n \n15,872 \n7,476\nRepayments of long-term debt\n \n(1,907) \n(3,784) \n(13,061)\nPremiums paid to extinguish debt\n \n\n \n \n(3,059)\nDividends paid\n \n(6,048) \n(6,102) \n(6,124)\nPurchase of Company stock\n \n(5,717) \n(7,410) \n(8,296)\nDividends paid to noncontrolling interest\n \n(555) \n(431) \n(690)\nPurchase of noncontrolling interest\n \n\n \n \n(8)\nOther financing activities\n \n(908) \n(629) \n(261)\nNet cash used in financing activities\n \n(14,299) \n(2,537) \n(19,875)\n \n \n \n \nEffect of exchange rates on cash, cash equivalents and restricted cash\n \n(69) \n(438) \n487\n \n \n \n \nNet increase (decrease) in cash, cash equivalents and restricted cash\n \n1,759\n \n742 \n(130)\nCash, cash equivalents and restricted cash at beginning of year\n \n7,756\n \n7,014 \n7,144\nCash, cash equivalents and restricted cash at end of year\n $\n9,515\n $\n7,756 $\n7,014\n \n \n \n \nSupplemental disclosure of cash flow information:\n \n \n \nIncome taxes paid\n $\n3,616\n $\n3,982 $\n6,179\nInterest paid\n \n2,464\n \n2,348 \n2,450\nSee accompanying notes.', 'doc_name': 'WALMART_2020_10K', 'evidence_page_num': 55, 'evidence_text_full_page': 'Walmart Inc.\nConsolidated Statements of Cash Flows\n \n \nFiscal Years Ended January 31,\n(Amounts in millions)\n \n2020\n \n2019\n \n2018\nCash flows from operating activities:\n \n \n \nConsolidated net income\n $\n15,201\n $\n7,179 $\n10,523\nAdjustments to reconcile consolidated net income to net cash provided by operating activities:\n \n \n \nDepreciation and amortization\n \n10,987\n \n10,678 \n10,529\nUnrealized (gains) and losses\n \n(1,886) \n3,516 \n\n(Gains) and losses for disposal of business operations\n \n15\n \n4,850 \n\nAsda pension contribution\n \n(1,036) \n \n\nDeferred income taxes\n \n320\n \n(499) \n(304)\nLoss on extinguishment of debt\n \n\n \n \n3,136\nOther operating activities\n \n1,981\n \n1,734 \n1,210\nChanges in certain assets and liabilities, net of effects of acquisitions:\n \n \n \nReceivables, net\n \n154\n \n(368) \n(1,074)\nInventories\n \n(300) \n(1,311) \n(140)\nAccounts payable\n \n(274) \n1,831 \n4,086\nAccrued liabilities\n \n186\n \n183 \n928\nAccrued income taxes\n \n(93) \n(40) \n(557)\nNet cash provided by operating activities\n \n25,255\n \n27,753 \n28,337\n \n \n \n \nCash flows from investing activities:\n \n \n \nPayments for property and equipment\n \n(10,705) \n(10,344) \n(10,051)\nProceeds from the disposal of property and equipment\n \n321\n \n519 \n378\nProceeds from the disposal of certain operations\n \n833\n \n876 \n1,046\nPayments for business acquisitions, net of cash acquired\n \n(56) \n(14,656) \n(375)\nOther investing activities\n \n479\n \n(431) \n(77)\nNet cash used in investing activities\n \n(9,128) \n(24,036) \n(9,079)\n \n \n \n \nCash flows from financing activities:\n \n \n \nNet change in short-term borrowings\n \n(4,656) \n(53) \n4,148\nProceeds from issuance of long-term debt\n \n5,492\n \n15,872 \n7,476\nRepayments of long-term debt\n \n(1,907) \n(3,784) \n(13,061)\nPremiums paid to extinguish debt\n \n\n \n \n(3,059)\nDividends paid\n \n(6,048) \n(6,102) \n(6,124)\nPurchase of Company stock\n \n(5,717) \n(7,410) \n(8,296)\nDividends paid to noncontrolling interest\n \n(555) \n(431) \n(690)\nPurchase of noncontrolling interest\n \n\n \n \n(8)\nOther financing activities\n \n(908) \n(629) \n(261)\nNet cash used in financing activities\n \n(14,299) \n(2,537) \n(19,875)\n \n \n \n \nEffect of exchange rates on cash, cash equivalents and restricted cash\n \n(69) \n(438) \n487\n \n \n \n \nNet increase (decrease) in cash, cash equivalents and restricted cash\n \n1,759\n \n742 \n(130)\nCash, cash equivalents and restricted cash at beginning of year\n \n7,756\n \n7,014 \n7,144\nCash, cash equivalents and restricted cash at end of year\n $\n9,515\n $\n7,756 $\n7,014\n \n \n \n \nSupplemental disclosure of cash flow information:\n \n \n \nIncome taxes paid\n $\n3,616\n $\n3,982 $\n6,179\nInterest paid\n \n2,464\n \n2,348 \n2,450\nSee accompanying notes.\n'}]",Consumer Staples,10k,2020,https://d18rn0p25nwr6d.cloudfront.net/CIK-0000104169/af5415d9-0e07-4ba1-a6cc-bb3058a7f4e8.pdf,numeric/mixed,False,0,377,4
financebench_id_03620,PepsiCo,PEPSICO_2022_10K,metrics-generated,Numerical reasoning,,What is the FY2022 unadjusted EBITDA less capex for PepsiCo? Define unadjusted EBITDA as unadjusted operating income + depreciation and amortization [from cash flow statement]. Answer in USD millions. Respond to the question by assuming the perspective of an investment analyst who can only use the details shown within the statement of cash flows and the income statement.,$9068.00,"The metric in question was calculated using other simpler metrics. The various simpler metrics (from the current and, if relevant, previous fiscal year(s)) used were:

Metric 1: Depreciation and amortization. This metric was located in the 10K as a single line item named: Depreciation and amortization.

Metric 2: Unadjusted operating income. This metric was located in the 10K as a single line item named: Operating Profit.

Metric 3: Capital expenditures. This metric was located in the 10K as a single line item named: Capital spending.",OPEN_SOURCE,"[{'evidence_text': 'Table of Contents\nConsolidated Statement of Income\nPepsiCo, Inc. and Subsidiaries\nFiscal years ended December 31, 2022, December 25, 2021 and December 26, 2020\n(in millions except per share amounts)\n2022\n2021\n2020\nNet Revenue\n$\n86,392 $\n79,474 $\n70,372 \nCost of sales\n40,576 \n37,075 \n31,797 \nGross profit\n45,816 \n42,399 \n38,575 \nSelling, general and administrative expenses\n34,459 \n31,237 \n28,453 \nGain associated with the Juice Transaction (see Note 13)\n(3,321)\n \n \nImpairment of intangible assets (see Notes 1 and 4)\n3,166 \n \n42 \nOperating Profit\n11,512 \n11,162 \n10,080 \nOther pension and retiree medical benefits income\n132 \n522 \n117 \nNet interest expense and other\n(939)\n(1,863)\n(1,128)\nIncome before income taxes\n10,705 \n9,821 \n9,069 \nProvision for income taxes\n1,727 \n2,142 \n1,894 \nNet income\n8,978 \n7,679 \n7,175 \nLess: Net income attributable to noncontrolling interests\n68 \n61 \n55 \nNet Income Attributable to PepsiCo\n$\n8,910 $\n7,618 $\n7,120 \nNet Income Attributable to PepsiCo per Common Share\nBasic\n$\n6.45 $\n5.51 $\n5.14 \nDiluted\n$\n6.42 $\n5.49 $\n5.12 \nWeighted-average common shares outstanding\nBasic\n1,380 \n1,382 \n1,385 \nDiluted\n1,387 \n1,389 \n1,392 \nSee accompanying notes to the consolidated financial statements.\n60', 'doc_name': 'PEPSICO_2022_10K', 'evidence_page_num': 61, 'evidence_text_full_page': 'Table of Contents\nConsolidated Statement of Income\nPepsiCo, Inc. and Subsidiaries\nFiscal years ended December 31, 2022, December 25, 2021 and December 26, 2020\n(in millions except per share amounts)\n2022\n2021\n2020\nNet Revenue\n$\n86,392 $\n79,474 $\n70,372 \nCost of sales\n40,576 \n37,075 \n31,797 \nGross profit\n45,816 \n42,399 \n38,575 \nSelling, general and administrative expenses\n34,459 \n31,237 \n28,453 \nGain associated with the Juice Transaction (see Note 13)\n(3,321)\n \n \nImpairment of intangible assets (see Notes 1 and 4)\n3,166 \n \n42 \nOperating Profit\n11,512 \n11,162 \n10,080 \nOther pension and retiree medical benefits income\n132 \n522 \n117 \nNet interest expense and other\n(939)\n(1,863)\n(1,128)\nIncome before income taxes\n10,705 \n9,821 \n9,069 \nProvision for income taxes\n1,727 \n2,142 \n1,894 \nNet income\n8,978 \n7,679 \n7,175 \nLess: Net income attributable to noncontrolling interests\n68 \n61 \n55 \nNet Income Attributable to PepsiCo\n$\n8,910 $\n7,618 $\n7,120 \nNet Income Attributable to PepsiCo per Common Share\nBasic\n$\n6.45 $\n5.51 $\n5.14 \nDiluted\n$\n6.42 $\n5.49 $\n5.12 \nWeighted-average common shares outstanding\nBasic\n1,380 \n1,382 \n1,385 \nDiluted\n1,387 \n1,389 \n1,392 \nSee accompanying notes to the consolidated financial statements.\n60\n'}
 {'evidence_text': 'Table of Contents\nConsolidated Statement of Cash Flows\nPepsiCo, Inc. and Subsidiaries\nFiscal years ended December 31, 2022, December 25, 2021 and December 26, 2020\n(in millions)\n2022\n2021\n2020\nOperating Activities\nNet income\n$\n8,978 $\n7,679 $\n7,175 \nDepreciation and amortization\n2,763 \n2,710 \n2,548 \nGain associated with the Juice Transaction\n(3,321)\n \n \nImpairment and other charges\n3,618 \n \n \nOperating lease right-of-use asset amortization\n517 \n505 \n478 \nShare-based compensation expense\n343 \n301 \n264 \nRestructuring and impairment charges\n411 \n247 \n289 \nCash payments for restructuring charges\n(224)\n(256)\n(255)\nAcquisition and divestiture-related charges\n80 \n(4)\n255 \nCash payments for acquisition and divestiture-related charges\n(46)\n(176)\n(131)\nPension and retiree medical plan expenses\n419 \n123 \n408 \nPension and retiree medical plan contributions\n(384)\n(785)\n(562)\nDeferred income taxes and other tax charges and credits\n(873)\n298 \n361 \nTax expense related to the TCJ Act\n86 \n190 \n \nTax payments related to the TCJ Act\n(309)\n(309)\n(78)\nChange in assets and liabilities:\nAccounts and notes receivable\n(1,763)\n(651)\n(420)\nInventories\n(1,142)\n(582)\n(516)\nPrepaid expenses and other current assets\n118 \n159 \n26 \nAccounts payable and other current liabilities\n1,842 \n1,762 \n766 \nIncome taxes payable\n57 \n30 \n(159)\nOther, net\n(359)\n375 \n164 \nNet Cash Provided by Operating Activities\n10,811 \n11,616 \n10,613 \nInvesting Activities\nCapital spending\n(5,207)\n(4,625)\n(4,240)\nSales of property, plant and equipment\n251 \n166 \n55 \nAcquisitions, net of cash acquired, investments in noncontrolled affiliates and purchases of\nintangible and other assets\n(873)\n(61)\n(6,372)\nProceeds associated with the Juice Transaction\n3,456 \n \n \nOther divestitures, sales of investments in noncontrolled affiliates and other assets\n49 \n169 \n6 \nShort-term investments, by original maturity:\nMore than three months - purchases\n(291)\n \n(1,135)\nMore than three months - maturities\n150 \n1,135 \n \nThree months or less, net\n24 \n(58)\n27 \nOther investing, net\n11 \n5 \n40 \nNet Cash Used for Investing Activities\n(2,430)\n(3,269)\n(11,619)\n(Continued on following page)\n62', 'doc_name': 'PEPSICO_2022_10K', 'evidence_page_num': 63, 'evidence_text_full_page': 'Table of Contents\nConsolidated Statement of Cash Flows\nPepsiCo, Inc. and Subsidiaries\nFiscal years ended December 31, 2022, December 25, 2021 and December 26, 2020\n(in millions)\n2022\n2021\n2020\nOperating Activities\nNet income\n$\n8,978 $\n7,679 $\n7,175 \nDepreciation and amortization\n2,763 \n2,710 \n2,548 \nGain associated with the Juice Transaction\n(3,321)\n \n \nImpairment and other charges\n3,618 \n \n \nOperating lease right-of-use asset amortization\n517 \n505 \n478 \nShare-based compensation expense\n343 \n301 \n264 \nRestructuring and impairment charges\n411 \n247 \n289 \nCash payments for restructuring charges\n(224)\n(256)\n(255)\nAcquisition and divestiture-related charges\n80 \n(4)\n255 \nCash payments for acquisition and divestiture-related charges\n(46)\n(176)\n(131)\nPension and retiree medical plan expenses\n419 \n123 \n408 \nPension and retiree medical plan contributions\n(384)\n(785)\n(562)\nDeferred income taxes and other tax charges and credits\n(873)\n298 \n361 \nTax expense related to the TCJ Act\n86 \n190 \n \nTax payments related to the TCJ Act\n(309)\n(309)\n(78)\nChange in assets and liabilities:\nAccounts and notes receivable\n(1,763)\n(651)\n(420)\nInventories\n(1,142)\n(582)\n(516)\nPrepaid expenses and other current assets\n118 \n159 \n26 \nAccounts payable and other current liabilities\n1,842 \n1,762 \n766 \nIncome taxes payable\n57 \n30 \n(159)\nOther, net\n(359)\n375 \n164 \nNet Cash Provided by Operating Activities\n10,811 \n11,616 \n10,613 \nInvesting Activities\nCapital spending\n(5,207)\n(4,625)\n(4,240)\nSales of property, plant and equipment\n251 \n166 \n55 \nAcquisitions, net of cash acquired, investments in noncontrolled affiliates and purchases of\nintangible and other assets\n(873)\n(61)\n(6,372)\nProceeds associated with the Juice Transaction\n3,456 \n \n \nOther divestitures, sales of investments in noncontrolled affiliates and other assets\n49 \n169 \n6 \nShort-term investments, by original maturity:\nMore than three months - purchases\n(291)\n \n(1,135)\nMore than three months - maturities\n150 \n1,135 \n \nThree months or less, net\n24 \n(58)\n27 \nOther investing, net\n11 \n5 \n40 \nNet Cash Used for Investing Activities\n(2,430)\n(3,269)\n(11,619)\n(Continued on following page)\n62\n'}]",Consumer Staples,10k,2022,https://pepsico.gcs-web.com/static-files/d051bdd6-c6d2-4814-826f-ece589b88d4c,numeric/mixed,False,0,373,8
financebench_id_04735,Adobe,ADOBE_2015_10K,metrics-generated,Numerical reasoning,,You are an investment banker and your only resource(s) to answer the following question is (are): the statement of financial position and the cash flow statement. Here's the question: what is the FY2015 operating cash flow ratio for Adobe? Operating cash flow ratio is defined as: cash from operations / total current liabilities. Round your answer to two decimal places.,0.66,"The metric in question was calculated using other simpler metrics. The various simpler metrics (from the current and, if relevant, previous fiscal year(s)) used were:

Metric 1: Cash from operations. This metric was located in the 10K as a single line item named: Net cash provided by operating activities.

Metric 2: Total current liabilities. This metric was located in the 10K as a single line item named: Total current liabilities.",OPEN_SOURCE,"[{'evidence_text': '59\n ADOBE SYSTEMS INCORPORATED\n CONSOLIDATED BALANCE SHEETS\n(In thousands, except par value)\n \nNovember 27,\n2015\nNovember 28,\n2014\nASSETS\nCurrent assets:\n \n \nCash and cash equivalents.................................................................................................................... $\n876,560\n$\n1,117,400\nShort-term investments ........................................................................................................................\n3,111,524\n2,622,091\nTrade receivables, net of allowances for doubtful accounts of $7,293 and $7,867, respectively........\n672,006\n591,800\nDeferred income taxes..........................................................................................................................\n\n95,279\nPrepaid expenses and other current assets ...........................................................................................\n161,802\n175,758\nTotal current assets..........................................................................................................................\n4,821,892\n4,602,328\nProperty and equipment, net...................................................................................................................\n787,421\n785,123\nGoodwill .................................................................................................................................................\n5,366,881\n4,721,962\nPurchased and other intangibles, net.......................................................................................................\n510,007\n469,662\nInvestment in lease receivable................................................................................................................\n80,439\n80,439\nOther assets.............................................................................................................................................\n159,832\n126,315\nTotal assets...................................................................................................................................... $\n11,726,472\n$\n10,785,829\nLIABILITIES AND STOCKHOLDERS EQUITY\nCurrent liabilities:\n \n \nTrade payables...................................................................................................................................... $\n93,307\n$\n68,377\nAccrued expenses.................................................................................................................................\n678,364\n683,866\nDebt and capital lease obligations........................................................................................................\n\n603,229\nAccrued restructuring...........................................................................................................................\n1,520\n17,120\nIncome taxes payable...........................................................................................................................\n6,165\n23,920\nDeferred revenue..................................................................................................................................\n1,434,200\n1,097,923\nTotal current liabilities....................................................................................................................\n2,213,556\n2,494,435\nLong-term liabilities:\n \n \nDebt and capital lease obligations........................................................................................................\n1,907,231\n911,086\nDeferred revenue..................................................................................................................................\n51,094\n57,401\nAccrued restructuring...........................................................................................................................\n3,214\n5,194\nIncome taxes payable...........................................................................................................................\n256,129\n125,746\nDeferred income taxes..........................................................................................................................\n208,209\n342,315\nOther liabilities.....................................................................................................................................\n85,459\n73,747\nTotal liabilities................................................................................................................................\n4,724,892\n4,009,924\nCommitments and contingencies\nStockholders equity:\n \n \nPreferred stock, $0.0001 par value; 2,000 shares authorized; none issued..........................................\n\n\nCommon stock, $0.0001 par value; 900,000 shares authorized; 600,834 shares issued; \n 497,809 and 497,484 shares outstanding, respectively......................................................................\n61\n61\nAdditional paid-in-capital ....................................................................................................................\n4,184,883\n3,778,495\nRetained earnings.................................................................................................................................\n7,253,431\n6,924,294\nAccumulated other comprehensive income (loss) ...............................................................................\n(169,080)\n(8,094)\nTreasury stock, at cost (103,025 and 103,350 shares, respectively), net of reissuances......................\n(4,267,715)\n(3,918,851)\nTotal stockholders equity...............................................................................................................\n7,001,580\n6,775,905\nTotal liabilities and stockholders equity........................................................................................ $\n11,726,472\n$\n10,785,829\nSee accompanying Notes to Consolidated Financial Statements.', 'doc_name': 'ADOBE_2015_10K', 'evidence_page_num': 58, 'evidence_text_full_page': '59\n ADOBE SYSTEMS INCORPORATED\n CONSOLIDATED BALANCE SHEETS\n(In thousands, except par value)\n \nNovember 27,\n2015\nNovember 28,\n2014\nASSETS\nCurrent assets:\n \n \nCash and cash equivalents.................................................................................................................... $\n876,560\n$\n1,117,400\nShort-term investments ........................................................................................................................\n3,111,524\n2,622,091\nTrade receivables, net of allowances for doubtful accounts of $7,293 and $7,867, respectively........\n672,006\n591,800\nDeferred income taxes..........................................................................................................................\n\n95,279\nPrepaid expenses and other current assets ...........................................................................................\n161,802\n175,758\nTotal current assets..........................................................................................................................\n4,821,892\n4,602,328\nProperty and equipment, net...................................................................................................................\n787,421\n785,123\nGoodwill .................................................................................................................................................\n5,366,881\n4,721,962\nPurchased and other intangibles, net.......................................................................................................\n510,007\n469,662\nInvestment in lease receivable................................................................................................................\n80,439\n80,439\nOther assets.............................................................................................................................................\n159,832\n126,315\nTotal assets...................................................................................................................................... $\n11,726,472\n$\n10,785,829\nLIABILITIES AND STOCKHOLDERS EQUITY\nCurrent liabilities:\n \n \nTrade payables...................................................................................................................................... $\n93,307\n$\n68,377\nAccrued expenses.................................................................................................................................\n678,364\n683,866\nDebt and capital lease obligations........................................................................................................\n\n603,229\nAccrued restructuring...........................................................................................................................\n1,520\n17,120\nIncome taxes payable...........................................................................................................................\n6,165\n23,920\nDeferred revenue..................................................................................................................................\n1,434,200\n1,097,923\nTotal current liabilities....................................................................................................................\n2,213,556\n2,494,435\nLong-term liabilities:\n \n \nDebt and capital lease obligations........................................................................................................\n1,907,231\n911,086\nDeferred revenue..................................................................................................................................\n51,094\n57,401\nAccrued restructuring...........................................................................................................................\n3,214\n5,194\nIncome taxes payable...........................................................................................................................\n256,129\n125,746\nDeferred income taxes..........................................................................................................................\n208,209\n342,315\nOther liabilities.....................................................................................................................................\n85,459\n73,747\nTotal liabilities................................................................................................................................\n4,724,892\n4,009,924\nCommitments and contingencies\nStockholders equity:\n \n \nPreferred stock, $0.0001 par value; 2,000 shares authorized; none issued..........................................\n\n\nCommon stock, $0.0001 par value; 900,000 shares authorized; 600,834 shares issued; \n 497,809 and 497,484 shares outstanding, respectively......................................................................\n61\n61\nAdditional paid-in-capital ....................................................................................................................\n4,184,883\n3,778,495\nRetained earnings.................................................................................................................................\n7,253,431\n6,924,294\nAccumulated other comprehensive income (loss) ...............................................................................\n(169,080)\n(8,094)\nTreasury stock, at cost (103,025 and 103,350 shares, respectively), net of reissuances......................\n(4,267,715)\n(3,918,851)\nTotal stockholders equity...............................................................................................................\n7,001,580\n6,775,905\nTotal liabilities and stockholders equity........................................................................................ $\n11,726,472\n$\n10,785,829\nSee accompanying Notes to Consolidated Financial Statements.\n'}
 {'evidence_text': '63\nADOBE SYSTEMS INCORPORATED\n CONSOLIDATED STATEMENTS OF CASH FLOWS\n(In thousands)\n \nYears Ended\n \nNovember 27,\n2015\nNovember 28,\n2014\nNovember 29,\n2013\nCash flows from operating activities:\n \n \nNet income..................................................................................................................... $\n629,551\n$\n268,395\n$\n289,985\nAdjustments to reconcile net income to net cash provided by operating activities:\nDepreciation, amortization and accretion.................................................................\n339,473\n313,590\n321,227\nStock-based compensation .......................................................................................\n335,859\n333,701\n328,987\nDeferred income taxes..............................................................................................\n(69,657)\n(26,089)\n29,704\nGain on the sale of property .....................................................................................\n(21,415)\n\n\nWrite down of assets held for sale............................................................................\n\n\n23,151\nUnrealized (gains) losses on investments.................................................................\n(9,210)\n(74)\n5,665\nTax benefit from stock-based compensation............................................................\n68,133\n53,225\n25,290\nExcess tax benefits from stock-based compensation................................................\n(68,153)\n(53,235)\n(40,619)\nOther non-cash items................................................................................................\n1,216\n1,889\n5,654\nChanges in operating assets and liabilities, net of acquired assets and\n assumed liabilities:\nTrade receivables, net ............................................................................................\n(79,502)\n7,928\n33,649\nPrepaid expenses and other current assets .............................................................\n(7,701)\n(1,918)\n(55,509)\nTrade payables .......................................................................................................\n22,870\n6,211\n7,132\nAccrued expenses...................................................................................................\n(5,944)\n37,544\n41,828\nAccrued restructuring.............................................................................................\n(16,620)\n8,871\n(6,949)\nIncome taxes payable.............................................................................................\n29,801\n11,006\n(58,875)\nDeferred revenue....................................................................................................\n320,801\n326,438\n201,366\nNet cash provided by operating activities.........................................................\n1,469,502\n1,287,482\n1,151,686\nCash flows from investing activities:\n \n \nPurchases of short-term investments .............................................................................\n(2,064,833)\n(2,014,186)\n(2,058,058)\nMaturities of short-term investments.............................................................................\n371,790\n272,076\n360,485\nProceeds from sales of short-term investments .............................................................\n1,176,476\n1,443,577\n1,449,961\nAcquisitions, net of cash acquired .................................................................................\n(826,004)\n(29,802)\n(704,589)\nPurchases of property and equipment............................................................................\n(184,936)\n(148,332)\n(188,358)\nProceeds from sale of property ......................................................................................\n57,779\n\n24,260\nPurchases of long-term investments, intangibles and other assets ................................\n(22,779)\n(17,572)\n(67,737)\nProceeds from sale of long-term investments................................................................\n4,149\n3,532\n6,233\nNet cash used for investing activities ...............................................................\n(1,488,358)\n(490,707)\n(1,177,803)\nCash flows from financing activities:\n \n \nPurchases of treasury stock............................................................................................\n(625,000)\n(600,000)\n(1,100,000)\nProceeds from issuance of treasury stock......................................................................\n164,270\n227,841\n598,194\nCost of issuance of treasury stock..................................................................................\n(186,373)\n(173,675)\n(97,418)\nExcess tax benefits from stock-based compensation.....................................................\n68,153\n53,235\n40,619\nProceeds from debt and capital lease obligations ..........................................................\n989,280\n\n25,703\nRepayment of debt and capital lease obligations...........................................................\n(602,189)\n(14,684)\n(25,879)\nDebt issuance costs ........................................................................................................\n(8,828)\n\n(357)\nNet cash used for financing activities...............................................................\n(200,687)\n(507,283)\n(559,138)\nEffect of foreign currency exchange rates on cash and cash equivalents.........................\n(21,297)\n(6,648)\n(5,241)\nNet increase (decrease) in cash and cash equivalents.......................................................\n(240,840)\n282,844\n(590,496)\nCash and cash equivalents at beginning of year...............................................................\n1,117,400\n834,556\n1,425,052\nCash and cash equivalents at end of year ......................................................................... $\n876,560\n$\n1,117,400\n$\n834,556\nSupplemental disclosures:\n \nCash paid for income taxes, net of refunds.................................................................... $\n203,010\n$\n20,140\n$\n129,701\nCash paid for interest ..................................................................................................... $\n56,014\n$\n68,886\n$\n64,843\nNon-cash investing activities:\nInvestment in lease receivable applied to building purchase......................................... $\n\n$\n126,800\n$\n\nIssuance of common stock and stock awards assumed in business acquisitions........... $\n677\n$\n21\n$\n1,160\nSee accompanying Notes to Consolidated Financial Statements.', 'doc_name': 'ADOBE_2015_10K', 'evidence_page_num': 62, 'evidence_text_full_page': '63\nADOBE SYSTEMS INCORPORATED\n CONSOLIDATED STATEMENTS OF CASH FLOWS\n(In thousands)\n \nYears Ended\n \nNovember 27,\n2015\nNovember 28,\n2014\nNovember 29,\n2013\nCash flows from operating activities:\n \n \nNet income..................................................................................................................... $\n629,551\n$\n268,395\n$\n289,985\nAdjustments to reconcile net income to net cash provided by operating activities:\nDepreciation, amortization and accretion.................................................................\n339,473\n313,590\n321,227\nStock-based compensation .......................................................................................\n335,859\n333,701\n328,987\nDeferred income taxes..............................................................................................\n(69,657)\n(26,089)\n29,704\nGain on the sale of property .....................................................................................\n(21,415)\n\n\nWrite down of assets held for sale............................................................................\n\n\n23,151\nUnrealized (gains) losses on investments.................................................................\n(9,210)\n(74)\n5,665\nTax benefit from stock-based compensation............................................................\n68,133\n53,225\n25,290\nExcess tax benefits from stock-based compensation................................................\n(68,153)\n(53,235)\n(40,619)\nOther non-cash items................................................................................................\n1,216\n1,889\n5,654\nChanges in operating assets and liabilities, net of acquired assets and\n assumed liabilities:\nTrade receivables, net ............................................................................................\n(79,502)\n7,928\n33,649\nPrepaid expenses and other current assets .............................................................\n(7,701)\n(1,918)\n(55,509)\nTrade payables .......................................................................................................\n22,870\n6,211\n7,132\nAccrued expenses...................................................................................................\n(5,944)\n37,544\n41,828\nAccrued restructuring.............................................................................................\n(16,620)\n8,871\n(6,949)\nIncome taxes payable.............................................................................................\n29,801\n11,006\n(58,875)\nDeferred revenue....................................................................................................\n320,801\n326,438\n201,366\nNet cash provided by operating activities.........................................................\n1,469,502\n1,287,482\n1,151,686\nCash flows from investing activities:\n \n \nPurchases of short-term investments .............................................................................\n(2,064,833)\n(2,014,186)\n(2,058,058)\nMaturities of short-term investments.............................................................................\n371,790\n272,076\n360,485\nProceeds from sales of short-term investments .............................................................\n1,176,476\n1,443,577\n1,449,961\nAcquisitions, net of cash acquired .................................................................................\n(826,004)\n(29,802)\n(704,589)\nPurchases of property and equipment............................................................................\n(184,936)\n(148,332)\n(188,358)\nProceeds from sale of property ......................................................................................\n57,779\n\n24,260\nPurchases of long-term investments, intangibles and other assets ................................\n(22,779)\n(17,572)\n(67,737)\nProceeds from sale of long-term investments................................................................\n4,149\n3,532\n6,233\nNet cash used for investing activities ...............................................................\n(1,488,358)\n(490,707)\n(1,177,803)\nCash flows from financing activities:\n \n \nPurchases of treasury stock............................................................................................\n(625,000)\n(600,000)\n(1,100,000)\nProceeds from issuance of treasury stock......................................................................\n164,270\n227,841\n598,194\nCost of issuance of treasury stock..................................................................................\n(186,373)\n(173,675)\n(97,418)\nExcess tax benefits from stock-based compensation.....................................................\n68,153\n53,235\n40,619\nProceeds from debt and capital lease obligations ..........................................................\n989,280\n\n25,703\nRepayment of debt and capital lease obligations...........................................................\n(602,189)\n(14,684)\n(25,879)\nDebt issuance costs ........................................................................................................\n(8,828)\n\n(357)\nNet cash used for financing activities...............................................................\n(200,687)\n(507,283)\n(559,138)\nEffect of foreign currency exchange rates on cash and cash equivalents.........................\n(21,297)\n(6,648)\n(5,241)\nNet increase (decrease) in cash and cash equivalents.......................................................\n(240,840)\n282,844\n(590,496)\nCash and cash equivalents at beginning of year...............................................................\n1,117,400\n834,556\n1,425,052\nCash and cash equivalents at end of year ......................................................................... $\n876,560\n$\n1,117,400\n$\n834,556\nSupplemental disclosures:\n \nCash paid for income taxes, net of refunds.................................................................... $\n203,010\n$\n20,140\n$\n129,701\nCash paid for interest ..................................................................................................... $\n56,014\n$\n68,886\n$\n64,843\nNon-cash investing activities:\nInvestment in lease receivable applied to building purchase......................................... $\n\n$\n126,800\n$\n\nIssuance of common stock and stock awards assumed in business acquisitions........... $\n677\n$\n21\n$\n1,160\nSee accompanying Notes to Consolidated Financial Statements.\n'}]",Information Technology,10k,2015,https://www.adobe.com/pdf-page.html?pdfTarget=aHR0cHM6Ly93d3cuYWRvYmUuY29tL2NvbnRlbnQvZGFtL2NjL2VuL2ludmVzdG9yLXJlbGF0aW9ucy9wZGZzL0FEQkUtMTBLLUZZMTUtRklOQUwucGRm,numeric/mixed,False,0,371,4
